[
  {
    "id": 1,
    "title": "Samurai Horizon",
    "genre": "Action",
    "rating": 4.4,
    "description": "Aksi samurai modern memburu sindikat gelap di Tokyo.",
    "poster": "https://images.unsplash.com/photo-1500534314209-a26db0f5b553?q=80&w=900&auto=format&fit=crop",
    "backdrop": "https://images.unsplash.com/photo-1558980664-10ea1f21b6ab?q=80&w=1600&auto=format&fit=crop",
    "video_url": "https://storage.googleapis.com/gtv-videos-bucket/sample/BigBuckBunny.mp4"
  },
  {
    "id": 2,
    "title": "Seoul Frequency",
    "genre": "Sci-Fi",
    "rating": 4.2,
    "description": "Siaran dari masa depan mengubah nasib seorang peneliti.",
    "poster": "https://images.unsplash.com/photo-1491884662610-dfcd28f30cf5?q=80&w=900&auto=format&fit=crop",
    "backdrop": "https://images.unsplash.com/photo-1462332420958-a05d1e002413?q=80&w=1600&auto=format&fit=crop",
    "video_url": "https://storage.googleapis.com/gtv-videos-bucket/sample/ForBiggerFun.mp4"
  },
  {
    "id": 3,
    "title": "Jakarta After Rain",
    "genre": "Drama",
    "rating": 4.1,
    "description": "Pertemuan dua orang asing di malam hujan.",
    "poster": "https://images.unsplash.com/photo-1526366269918-cf78c088247c?q=80&w=900&auto=format&fit=crop",
    "backdrop": "https://images.unsplash.com/photo-1500530855697-b586d89ba3ee?q=80&w=1600&auto=format&fit=crop",
    "video_url": "https://storage.googleapis.com/gtv-videos-bucket/sample/ForBiggerJoyrides.mp4"
  },
  {
    "id": 4,
    "title": "Taipei Laughs",
    "genre": "Komedi",
    "rating": 3.9,
    "description": "Komika Taiwan mencoba bangkit lewat tur kecil.",
    "poster": "https://images.unsplash.com/photo-1531870979162-87b28e0cc3f7?q=80&w=900&auto=format&fit=crop",
    "backdrop": "https://images.unsplash.com/photo-1506157786151-b8491531f063?q=80&w=1600&auto=format&fit=crop",
    "video_url": "https://storage.googleapis.com/gtv-videos-bucket/sample/Sintel.mp4"
  },
  {
    "id": 5,
    "title": "Lantern of Silence",
    "genre": "Horor",
    "rating": 4.0,
    "description": "Legenda lentera kuno membangkitkan teror.",
    "poster": "https://images.unsplash.com/photo-1500522144261-ea64433bbe27?q=80&w=900&auto=format&fit=crop",
    "backdrop": "https://images.unsplash.com/photo-1469474968028-56623f02e42e?q=80&w=1600&auto=format&fit=crop",
    "video_url": "https://storage.googleapis.com/gtv-videos-bucket/sample/BigBuckBunny.mp4"
  }
]